grade,item_id,difficulty,free_est
11,S11PHS3.3H14,0.08,0.5413
11,S11LFS3.2H9,0.11,0.5616
11,S11ESS3.1L16,0.65,1.2120000000000002
11,S11LFS3.2H5,1.56,0.7945000000000001
5,S05PHS2.1M5,0.67,1.1617000000000002
5,S05ESS3.1Lsample,2.68,1.7492
8,S08LFS1.6L6,-1.45,-0.9852
8,S08LFS1.7M8,0.09,0.9832
8,S08LFS2.2H4,1.33,0.6694000000000001
